Altersstruktur,X,2021-04-30T12:15:00+02:00,2021-05-01T12:15:00+02:00,2021-05-02T12:15:00+02:00,2021-05-03T12:15:00+02:00,2021-05-04T12:15:00+02:00,2021-05-05T12:15:00+02:00,2021-05-06T12:15:00+02:00,2021-05-07T12:15:00+02:00,2021-05-08T12:15:00+02:00,2021-05-09T12:15:00+02:00,2021-05-10T12:15:00+02:00,2021-05-11T12:15:00+02:00,2021-05-12T12:15:00+02:00,2021-05-13T12:15:00+02:00,2021-05-14T12:15:00+02:00,2021-05-15T12:15:00+02:00,2021-05-16T12:15:00+02:00,2021-05-17T12:15:00+02:00,2021-05-18T12:15:00+02:00,2021-05-19T12:15:00+02:00,2021-05-20T12:15:00+02:00,2021-05-21T12:15:00+02:00,2021-05-22T12:15:00+02:00,2021-05-23T12:15:00+02:00,2021-05-24T12:15:00+02:00,2021-05-25T12:15:00+02:00,2021-05-26T12:15:00+02:00,2021-05-27T12:15:00+02:00,2021-05-28T12:15:00+02:00,2021-05-29T12:15:00+02:00,2021-05-30T12:15:00+02:00,2021-05-31T12:15:00+02:00,2021-06-01T12:15:00+02:00,2021-06-02T12:15:00+02:00,2021-06-03T12:15:00+02:00,2021-06-04T12:15:00+02:00,2021-06-05T12:15:00+02:00,2021-06-06T12:15:00+02:00,2021-06-07T12:15:00+02:00,2021-06-08T12:15:00+02:00,2021-06-09T12:15:00+02:00,2021-06-10T12:15:00+02:00,2021-06-11T12:15:00+02:00,2021-06-12T12:15:00+02:00,2021-06-13T12:15:00+02:00,2021-06-14T12:15:00+02:00,2021-06-15T12:15:00+02:00,2021-06-16T12:15:00+02:00,2021-06-17T12:15:00+02:00,2021-06-18T12:15:00+02:00,2021-06-19T12:15:00+02:00,2021-06-20T12:15:00+02:00,2021-06-21T12:15:00+02:00,2021-06-22T12:15:00+02:00,2021-06-23T12:15:00+02:00,2021-06-24T12:15:00+02:00,2021-06-25T12:15:00+02:00,2021-06-26T12:15:00+02:00,2021-06-27T12:15:00+02:00,2021-06-28T12:15:00+02:00,2021-06-29T12:15:00+02:00,2021-06-30T12:15:00+02:00,2021-07-01T12:15:00+02:00,2021-07-02T12:15:00+02:00,2021-07-03T12:15:00+02:00,2021-07-04T12:15:00+02:00,2021-07-05T12:15:00+02:00,2021-07-06T12:15:00+02:00,2021-07-07T12:15:00+02:00,2021-07-08T12:15:00+02:00,2021-07-09T12:15:00+02:00,2021-07-10T12:15:00+02:00,2021-07-11T12:15:00+02:00,2021-07-12T12:15:00+02:00,2021-07-13T12:15:00+02:00,2021-07-14T12:15:00+02:00,2021-07-15T12:15:00+02:00,2021-07-16T12:15:00+02:00,2021-07-17T12:15:00+02:00,2021-07-18T12:15:00+02:00,2021-07-19T12:15:00+02:00,2021-07-20T12:15:00+02:00,2021-07-21T12:15:00+02:00,2021-07-22T12:15:00+02:00,2021-07-23T12:15:00+02:00,2021-07-24T12:15:00+02:00,2021-07-25T12:15:00+02:00,2021-07-26T12:15:00+02:00,2021-07-27T12:15:00+02:00,2021-07-28T12:15:00+02:00,2021-07-29T12:15:00+02:00,2021-07-30T12:15:00+02:00,2021-07-31T12:15:00+02:00,2021-08-01T12:15:00+02:00,2021-08-02T12:15:00+02:00,2021-08-03T12:15:00+02:00,2021-08-04T12:15:00+02:00,2021-08-05T12:15:00+02:00,2021-08-06T12:15:00+02:00,2021-08-07T12:15:00+02:00,2021-08-08T12:15:00+02:00,2021-08-09T12:15:00+02:00,2021-08-10T12:15:00+02:00,2021-08-11T12:15:00+02:00,2021-08-12T12:15:00+02:00,2021-08-13T12:15:00+02:00,2021-08-14T12:15:00+02:00,2021-08-15T12:15:00+02:00,2021-08-16T12:15:00+02:00,2021-08-17T12:15:00+02:00,2021-08-18T12:15:00+02:00,2021-08-19T12:15:00+02:00,2021-08-20T12:15:00+02:00,2021-08-21T12:15:00+02:00,2021-08-22T12:15:00+02:00,2021-08-23T12:15:00+02:00,2021-08-24T12:15:00+02:00,2021-08-25T12:15:00+02:00,2021-08-26T12:15:00+02:00,2021-08-27T12:15:00+02:00,2021-08-28T12:15:00+02:00,2021-08-29T12:15:00+02:00,2021-08-30T12:15:00+02:00,2021-08-31T12:15:00+02:00,2021-09-01T12:15:00+02:00,2021-09-02T12:15:00+02:00,2021-09-03T12:15:00+02:00,2021-09-04T12:15:00+02:00,2021-09-05T12:15:00+02:00,2021-09-06T12:15:00+02:00,2021-09-07T12:15:00+02:00,2021-09-08T12:15:00+02:00,2021-09-09T12:15:00+02:00,2021-09-10T12:15:00+02:00,2021-09-11T12:15:00+02:00,2021-09-12T12:15:00+02:00,2021-09-13T12:15:00+02:00,2021-09-14T12:15:00+02:00,2021-09-15T12:15:00+02:00,2021-09-16T12:15:00+02:00,2021-09-17T12:15:00+02:00,2021-09-18T12:15:00+02:00,2021-09-19T12:15:00+02:00,2021-09-20T12:15:00+02:00,2021-09-21T12:15:00+02:00,2021-09-22T12:15:00+02:00,2021-09-23T12:15:00+02:00,2021-09-24T12:15:00+02:00,2021-09-25T12:15:00+02:00,2021-09-26T12:15:00+02:00,2021-09-27T12:15:00+02:00,2021-09-28T12:15:00+02:00,2021-09-29T12:15:00+02:00,2021-09-30T12:15:00+02:00,2021-10-01T12:15:00+02:00,2021-10-02T12:15:00+02:00,2021-10-03T12:15:00+02:00,2021-10-04T12:15:00+02:00,2021-10-05T12:15:00+02:00,2021-10-06T12:15:00+02:00,2021-10-07T12:15:00+02:00,2021-10-08T12:15:00+02:00,2021-10-09T12:15:00+02:00,2021-10-10T12:15:00+02:00,2021-10-11T12:15:00+02:00,2021-10-12T12:15:00+02:00,2021-10-13T12:15:00+02:00,2021-10-14T12:15:00+02:00,2021-10-15T12:15:00+02:00,2021-10-16T12:15:00+02:00,2021-10-17T12:15:00+02:00,2021-10-18T12:15:00+02:00,2021-10-19T12:15:00+02:00,2021-10-20T12:15:00+02:00,2021-10-21T12:15:00+02:00,2021-10-22T12:15:00+02:00,2021-10-23T12:15:00+02:00,2021-10-24T12:15:00+02:00,2021-10-25T12:15:00+02:00,2021-10-26T12:15:00+02:00,2021-10-27T12:15:00+02:00,2021-10-28T12:15:00+02:00,2021-10-29T12:15:00+02:00,2021-10-30T12:15:00+02:00,2021-10-31T12:15:00+01:00,2021-11-01T12:15:00+01:00,2021-11-02T12:15:00+01:00,2021-11-03T12:15:00+01:00,2021-11-04T12:15:00+01:00,2021-11-05T12:15:00+01:00,2021-11-06T12:15:00+01:00,2021-11-07T12:15:00+01:00,2021-11-08T12:15:00+01:00,2021-11-09T12:15:00+01:00,2021-11-10T12:15:00+01:00,2021-11-11T12:15:00+01:00,2021-11-12T12:15:00+01:00,2021-11-13T12:15:00+01:00,2021-11-14T12:15:00+01:00,2021-11-15T12:15:00+01:00,2021-11-16T12:15:00+01:00,2021-11-17T12:15:00+01:00,2021-11-18T12:15:00+01:00,2021-11-19T12:15:00+01:00,2021-11-20T12:15:00+01:00,2021-11-21T12:15:00+01:00,2021-11-22T12:15:00+01:00,2021-11-23T12:15:00+01:00,2021-11-24T12:15:00+01:00,2021-11-25T12:15:00+01:00,2021-11-26T12:15:00+01:00,2021-11-27T12:15:00+01:00,2021-11-28T12:15:00+01:00,2021-11-29T12:15:00+01:00,2021-11-30T12:15:00+01:00,2021-12-01T12:15:00+01:00,2021-12-02T12:15:00+01:00,2021-12-03T12:15:00+01:00,2021-12-04T12:15:00+01:00,2021-12-05T12:15:00+01:00,2021-12-06T12:15:00+01:00,2021-12-07T12:15:00+01:00,2021-12-08T12:15:00+01:00,2021-12-09T12:15:00+01:00,2021-12-10T12:15:00+01:00,2021-12-11T12:15:00+01:00,2021-12-12T12:15:00+01:00,2021-12-13T12:15:00+01:00,2021-12-14T12:15:00+01:00,2021-12-15T12:15:00+01:00,2021-12-16T12:15:00+01:00,2021-12-17T12:15:00+01:00,2021-12-18T12:15:00+01:00,2021-12-19T12:15:00+01:00
Stratum_17_Minus,14,13,11,10,10,9,10,10,10,11,14,11,11,13,11,7,6,11,13,13,14,14,13,14,12,12,14,10,10,6,5,5,5,4,4,6,7,7,7,6,6,7,8,7,7,8,8,6,5,4,4,4,4,4,5,4,3,4,4,5,6,4,3,2,2,3,3,2,3,2,3,3,2,2,2,2,4,3,3,3,2,5,4,4,4,3,3,4,4,3,4,3,3,4,4,4,3,4,3,4,7,7,6,6,6,8,7,8,9,10,9,10,9,8,8,10,9,8,7,9,9,12,11,10,7,11,12,13,13,12,10,11,13,11,15,17,15,14,14,13,18,17,13,14,15,15,14,12,14,11,11,14,14,15,18,24,18,19,17,15,16,14,13,13,12,11,11,11,9,10,10,10,9,11,12,17,13,15,15,12,10,8,9,9,10,8,7,5,6,7,11,10,13,13,11,9,14,14,19,16,20,18,19,23,22,23,22,26,28,29,28,30,34,30,27,25,26,23,27,28,26,29,27,28,27,30,31,33,34,36,38,35,36,31,35
Stratum_18_Bis_29,24,30,35,41,38,38,33,39,38,38,36,43,39,35,38,37,41,41,40,40,34,39,37,36,33,33,39,36,33,33,31,31,31,29,29,25,21,18,20,23,22,22,21,17,15,15,17,14,15,16,11,10,10,8,10,10,12,8,5,5,7,7,8,14,10,11,11,11,11,11,12,8,8,9,9,8,9,11,8,7,7,10,11,12,16,14,15,14,11,10,6,8,6,6,7,8,7,11,13,15,16,17,16,13,13,17,15,15,19,17,17,20,22,22,25,23,30,37,37,34,37,44,43,47,43,48,52,53,59,57,57,51,49,51,53,51,54,53,52,50,47,48,50,52,46,45,46,43,42,41,39,34,35,33,33,29,26,24,26,30,26,31,28,25,25,26,25,26,29,29,29,31,32,29,29,36,33,34,32,31,33,31,28,34,35,36,36,38,38,43,40,46,50,54,51,50,58,61,58,57,53,54,58,58,57,54,58,60,57,57,60,61,59,61,65,66,67,63,64,65,65,61,65,63,61,65,64,62,65,66,62,60,56,59,58
Stratum_30_Bis_39,75,94,90,105,116,112,116,130,128,118,113,110,105,103,110,99,97,96,99,93,90,90,84,75,73,67,72,69,70,62,61,58,59,60,56,64,55,57,57,56,50,51,55,49,43,45,47,42,41,44,37,36,37,35,31,30,32,26,24,22,23,22,19,23,21,21,20,16,18,15,16,13,13,15,15,13,13,15,15,15,16,14,15,20,19,20,19,21,24,21,22,24,16,18,20,21,22,24,28,24,23,25,24,28,27,31,32,33,36,37,41,45,54,54,57,60,66,73,73,79,78,83,87,93,96,100,102,108,114,111,122,125,122,114,106,111,110,128,133,120,128,120,113,108,112,109,110,115,112,116,116,109,104,100,100,100,102,103,105,101,103,111,105,99,99,91,98,96,97,90,90,89,90,84,83,95,95,94,94,93,91,92,97,106,116,115,111,121,133,143,139,141,139,134,133,133,137,129,129,135,140,138,141,144,147,151,156,159,148,177,176,185,190,198,207,209,200,205,198,203,201,205,214,211,214,215,217,233,230,221,213,215,211,210,220
Stratum_40_Bis_49,179,248,279,296,299,296,291,353,350,326,317,315,303,286,300,291,276,279,273,272,259,264,249,235,234,224,211,196,211,202,193,188,186,164,151,151,136,132,136,139,130,120,129,110,104,100,98,92,91,98,91,86,81,80,76,76,77,70,71,69,68,66,62,62,58,55,55,52,49,51,54,47,45,43,39,37,36,37,35,33,33,34,32,33,37,37,35,36,37,37,35,33,34,36,36,39,39,43,43,43,50,57,57,54,57,70,72,78,80,86,88,95,105,106,103,109,127,134,138,153,146,158,167,177,170,175,196,201,197,200,213,202,214,215,216,225,222,234,238,234,236,235,230,229,229,221,222,225,215,203,212,207,203,189,209,200,193,192,184,184,177,189,171,182,182,170,169,176,183,173,174,179,171,172,176,190,171,178,177,170,175,176,191,190,187,190,190,207,214,223,222,225,239,242,243,242,266,257,278,293,294,294,291,331,321,339,345,351,358,363,395,397,421,426,447,434,437,457,455,464,465,475,470,475,476,477,482,478,468,473,472,466,446,435,432
Stratum_50_Bis_59,505,687,739,771,780,807,804,936,909,893,892,898,868,867,856,805,776,766,758,727,689,754,664,660,651,657,626,582,562,517,492,470,475,450,422,432,390,379,378,367,346,337,329,283,266,264,256,243,235,238,211,201,192,187,174,160,169,150,152,154,151,148,132,142,122,113,114,113,106,108,114,101,99,93,97,87,86,94,81,85,85,84,80,74,82,69,69,72,76,77,81,88,85,89,86,86,88,92,96,87,93,95,100,94,95,101,100,98,105,113,124,132,137,143,160,171,184,190,202,216,221,233,243,262,276,285,289,293,298,303,306,317,316,348,354,353,356,347,358,359,379,378,370,367,359,338,335,346,330,334,326,320,318,317,325,320,320,322,319,309,303,325,305,302,298,302,307,302,308,302,293,299,302,308,299,330,323,334,336,350,344,355,385,383,387,396,403,424,442,489,478,480,498,499,508,520,578,547,557,560,611,612,630,651,658,657,680,727,758,784,846,884,908,921,948,944,964,970,980,969,989,994,1009,1016,1059,1028,1019,1030,1025,1035,1009,1024,980,986,988
Stratum_60_Bis_69,751,958,1066,1096,1157,1156,1155,1371,1328,1310,1287,1304,1273,1228,1228,1155,1119,1134,1114,1069,1019,1058,1014,960,957,929,901,845,837,788,744,722,720,686,650,675,622,583,560,536,523,496,493,454,425,420,395,368,343,357,311,288,277,260,246,242,263,223,215,207,205,194,178,196,175,175,174,159,156,152,165,148,141,138,143,137,130,138,120,113,113,115,114,109,117,103,105,107,101,109,97,104,91,93,93,96,98,97,110,103,104,108,113,103,104,118,106,109,113,127,133,141,152,153,161,164,171,172,184,192,196,201,211,229,244,250,265,263,268,276,277,285,295,305,303,306,310,308,318,316,337,344,347,350,356,352,346,349,328,319,323,319,315,300,307,294,286,295,300,306,307,330,313,308,311,304,301,315,321,322,333,337,359,359,373,396,388,395,404,424,431,445,469,465,465,483,498,517,516,565,572,585,617,663,679,713,754,757,758,777,831,862,896,928,939,984,1007,1087,1112,1156,1191,1221,1223,1250,1282,1289,1313,1375,1354,1344,1354,1394,1414,1402,1423,1401,1410,1386,1398,1400,1372,1357,1360,1357,1350
Stratum_70_Bis_79,657,838,931,956,994,1027,1028,1145,1102,1087,1095,1109,1077,1064,1065,1029,1000,982,961,916,889,866,823,784,768,755,741,697,678,622,575,563,541,505,446,444,412,393,379,369,352,327,327,299,286,286,261,245,230,218,192,183,172,165,151,145,142,130,117,114,112,113,108,104,95,94,93,91,87,87,84,80,74,72,80,73,72,74,69,64,66,63,63,62,62,66,64,69,68,67,68,67,73,76,76,79,71,72,69,69,73,71,79,84,85,89,83,82,78,77,77,82,88,89,94,101,101,112,114,124,137,142,146,154,162,167,177,179,191,198,206,221,228,230,213,204,206,219,224,235,237,231,229,232,238,237,232,231,218,219,218,217,211,202,200,204,198,200,205,213,210,209,211,208,215,219,239,238,259,262,261,252,254,255,260,275,270,282,294,309,305,328,354,353,362,374,394,429,458,506,514,516,530,536,555,568,613,630,653,680,705,731,764,780,782,781,805,836,872,909,949,976,970,984,1017,1052,1064,1115,1112,1111,1099,1120,1134,1107,1131,1145,1125,1115,1127,1114,1100,1079,1045,1036,1011
Stratum_80_Plus,204,255,275,281,315,320,311,326,305,308,304,312,312,296,291,279,250,240,250,237,224,237,217,218,210,207,205,190,186,165,153,141,142,120,103,112,107,104,94,93,83,78,80,71,62,64,64,58,52,47,44,47,47,44,41,38,35,32,28,31,27,20,18,19,19,17,15,16,17,14,13,14,14,14,16,17,16,17,17,18,17,12,11,8,8,12,11,16,19,15,15,13,13,14,13,17,19,19,17,22,23,23,24,24,31,25,26,28,28,33,38,33,39,34,32,36,43,44,43,46,53,54,52,53,56,58,70,69,72,75,82,86,90,96,95,108,108,123,125,126,130,121,115,116,118,122,121,121,119,127,127,139,137,129,138,135,137,131,133,140,149,153,153,149,150,153,157,149,150,152,149,154,152,172,166,177,181,195,197,212,226,229,245,262,275,285,302,280,319,333,337,348,344,362,385,372,378,363,360,373,414,428,434,469,466,460,472,478,515,515,520,501,487,487,515,522,518,528,523,506,505,507,507,494,511,512,479,480,485,469,476,476,471,453,445
Stratum_Unbekannt,2624,1901,1583,1472,1298,1189,1091,456,502,516,525,480,472,482,356,477,525,516,507,510,489,271,372,376,365,350,370,375,249,307,340,339,292,271,287,126,219,223,222,206,187,160,65,130,135,135,135,140,123,47,109,110,111,106,116,106,46,92,100,99,90,90,86,28,63,60,63,66,62,44,9,39,39,46,34,32,32,7,31,34,32,31,31,35,9,32,33,32,29,31,28,7,31,25,29,28,31,30,8,26,27,31,37,37,36,13,39,38,49,47,49,42,17,43,42,40,45,35,38,16,48,47,51,44,42,42,7,38,49,55,49,51,60,26,57,62,72,74,78,74,38,50,56,67,68,65,74,16,56,66,63,75,77,79,27,57,52,48,60,63,68,12,53,56,53,79,76,88,39,62,68,70,89,86,84,24,68,79,81,81,89,101,32,70,100,98,119,116,100,24,107,98,113,119,122,132,32,106,129,143,126,148,145,47,121,117,133,131,146,88,40,73,91,121,97,101,101,61,83,115,122,119,103,98,37,72,78,90,93,81,84,53,70,80,82
